<?xml version="1.0" encoding="UTF-8"?>
<beans xmlns="http://www.springframework.org/schema/beans"
	xmlns:xsi="http://www.w3.org/2001/XMLSchema-instance"
	xmlns:mybatis-spring="http://mybatis.org/schema/mybatis-spring"
	xmlns:context="http://www.springframework.org/schema/context"
	xsi:schemaLocation="http://mybatis.org/schema/mybatis-spring http://mybatis.org/schema/mybatis-spring-1.2.xsd
		http://www.springframework.org/schema/beans https://www.springframework.org/schema/beans/spring-beans.xsd
		http://www.springframework.org/schema/context http://www.springframework.org/schema/context/spring-context-4.3.xsd">
	
	<!-- Root Context: defines shared resources visible to all other web components -->
	
	<bean id="hikariConfig" class="com.zaxxer.hikari.HikariConfig">
		<property name="driverClassName" value="oracle.jdbc.driver.OracleDriver" />
		<property name="jdbcUrl" value="jdbc:oracle:thin:@192.168.1.100:1521:xe" />
		<property name="username" value="c##yogi5tte" />
		<property name="password" value="1234" />

	</bean>
	
	<bean id="ds" class="com.zaxxer.hikari.HikariDataSource" destroy-method="close">
		<constructor-arg ref="hikariConfig" />	
	</bean>
	
	<bean id="sqlSessionFactory" class="org.mybatis.spring.SqlSessionFactoryBean">
		<property name="dataSource" ref="ds" />
		
		<property name="configLocation" value="classpath:config/mybatis.xml" />
		
		<property name="mapperLocations">
			<list>
				<value>classpath:config/list.xml</value>
			</list>
		</property>
	</bean>
	
	<bean id="sqlSessionTemplate" class="org.mybatis.spring.SqlSessionTemplate">
		<constructor-arg ref="sqlSessionFactory"/>
	</bean>

	<context:component-scan base-package="com.itbank.service"/>
	
	<mybatis-spring:scan base-package="com.itbank.room"/>
	<mybatis-spring:scan base-package="com.itbank.user"/>
	<mybatis-spring:scan base-package="com.itbank.info"/>
	<mybatis-spring:scan base-package="com.itbank.reservation"/>
	<mybatis-spring:scan base-package="com.itbank.review"/>
	
</beans>